{
    "created_time": "2023-04-20T07:46:47Z",
    "files": [
        {
            "attachment_folder": "",
            "created_time": "2023-04-20T07:46:47Z",
            "id": "4",
            "modified_time": "2023-04-20T07:46:47Z",
            "name": "MDLearn.md",
            "signature": "8085520616393862631",
            "tags": [
            ]
        },
        {
            "attachment_folder": "140381093836218",
            "created_time": "2023-04-22T08:09:05Z",
            "id": "6",
            "modified_time": "2023-05-06T03:18:07Z",
            "name": "LinuxLearn.md",
            "signature": "5546498803273799201",
            "tags": [
            ]
        },
        {
            "attachment_folder": "",
            "created_time": "2023-04-24T02:07:53Z",
            "id": "7",
            "modified_time": "2023-04-24T03:07:23Z",
            "name": "SSHLearn.md",
            "signature": "207324048647289",
            "tags": [
            ]
        },
        {
            "attachment_folder": "",
            "created_time": "2024-08-22T10:21:07Z",
            "id": "8",
            "modified_time": "2024-08-22T13:54:48Z",
            "name": "jianli.md",
            "signature": "207324090667283",
            "tags": [
            ]
        }
    ],
    "folders": [
    ],
    "id": "3",
    "modified_time": "2023-04-20T07:46:47Z",
    "signature": "4719715249446514151",
    "version": 3
}
