{
    "created_time": "2023-04-20T07:45:27Z",
    "files": [
        {
            "attachment_folder": "",
            "created_time": "2023-04-20T07:45:27Z",
            "id": "14",
            "modified_time": "2023-04-20T07:45:27Z",
            "name": "notebook.db",
            "signature": "7466934429714279831",
            "tags": [
            ]
        },
        {
            "attachment_folder": "",
            "created_time": "2023-04-20T07:45:27Z",
            "id": "15",
            "modified_time": "2023-04-20T07:45:27Z",
            "name": "vx_notebook.json",
            "signature": "5459487176788077975",
            "tags": [
            ]
        }
    ],
    "folders": [
    ],
    "id": "13",
    "modified_time": "2023-04-20T07:45:27Z",
    "signature": "5370121079295634839",
    "version": 3
}
