{
    "created_time": "2023-04-20T07:45:27Z",
    "files": [
        {
            "attachment_folder": "",
            "created_time": "2023-04-20T07:45:27Z",
            "id": "11",
            "modified_time": "2023-04-20T07:45:27Z",
            "name": "note.md",
            "signature": "825932396070235543",
            "tags": [
            ]
        }
    ],
    "folders": [
    ],
    "id": "10",
    "modified_time": "2023-04-20T07:45:27Z",
    "signature": "6857691952977079703",
    "version": 3
}
