{
    "created_time": "2023-04-20T07:45:27Z",
    "files": [
        {
            "attachment_folder": "",
            "created_time": "2023-04-20T07:45:27Z",
            "id": "5",
            "modified_time": "2023-04-20T07:45:27Z",
            "name": "notebook.db",
            "signature": "8927815551984659863",
            "tags": [
            ]
        },
        {
            "attachment_folder": "",
            "created_time": "2023-04-20T07:45:27Z",
            "id": "6",
            "modified_time": "2023-04-20T07:45:27Z",
            "name": "vx_notebook.json",
            "signature": "1749579338006719895",
            "tags": [
            ]
        }
    ],
    "folders": [
    ],
    "id": "4",
    "modified_time": "2023-04-20T07:45:27Z",
    "signature": "8223662518573264279",
    "version": 3
}
