{
    "created_time": "2023-04-20T07:47:15Z",
    "files": [
        {
            "attachment_folder": "",
            "created_time": "2023-06-01T03:50:10Z",
            "id": "3",
            "modified_time": "2024-04-24T04:43:41Z",
            "name": "Handover.md",
            "signature": "207324051936626",
            "tags": [
            ]
        },
        {
            "attachment_folder": "",
            "created_time": "2023-06-08T10:19:50Z",
            "id": "4",
            "modified_time": "2023-06-12T03:03:33Z",
            "name": "HandoverWithoutCode.md",
            "signature": "207324052564806",
            "tags": [
            ]
        },
        {
            "attachment_folder": "",
            "created_time": "2024-04-24T04:16:54Z",
            "id": "5",
            "modified_time": "2024-08-22T12:12:13Z",
            "name": "HanJu.md",
            "signature": "784285915004045238",
            "tags": [
            ]
        },
        {
            "attachment_folder": "",
            "created_time": "2024-04-24T04:17:06Z",
            "id": "6",
            "modified_time": "2024-04-24T04:17:32Z",
            "name": "AITouXiang.md",
            "signature": "5546498803305580482",
            "tags": [
            ]
        },
        {
            "attachment_folder": "",
            "created_time": "2024-04-24T04:19:26Z",
            "id": "7",
            "modified_time": "2024-04-24T04:19:27Z",
            "name": "BabyCloud.md",
            "signature": "8223662518605219918",
            "tags": [
            ]
        },
        {
            "attachment_folder": "",
            "created_time": "2024-04-24T04:22:25Z",
            "id": "8",
            "modified_time": "2024-04-24T04:22:26Z",
            "name": "Autobuild.md",
            "signature": "8927815552016615681",
            "tags": [
            ]
        },
        {
            "attachment_folder": "",
            "created_time": "2024-04-28T10:12:35Z",
            "id": "9",
            "modified_time": "2024-04-28T10:46:37Z",
            "name": "HarmonyHanJu.md",
            "signature": "1749579338039042323",
            "tags": [
            ]
        }
    ],
    "folders": [
    ],
    "id": "2",
    "modified_time": "2023-04-20T07:47:15Z",
    "signature": "9178034990825401859",
    "version": 3
}
