{
    "created_time": "2023-04-20T07:45:27Z",
    "files": [
        {
            "attachment_folder": "",
            "created_time": "2023-04-20T07:45:27Z",
            "id": "9",
            "modified_time": "2023-04-20T07:45:27Z",
            "name": "471566424951056.png",
            "signature": "2424881375283834263",
            "tags": [
            ]
        }
    ],
    "folders": [
        {
            "name": "note.md"
        }
    ],
    "id": "8",
    "modified_time": "2023-04-20T07:45:27Z",
    "signature": "3670979438008397207",
    "version": 3
}
